air_5c817ef28f236bdf,2/1/2016,24
air_5c817ef28f236bdf,3/1/2016,49
air_5c817ef28f236bdf,4/1/2016,10
air_5c817ef28f236bdf,5/1/2016,2
air_5c817ef28f236bdf,6/1/2016,9
air_5c817ef28f236bdf,7/1/2016,15
air_5c817ef28f236bdf,8/1/2016,36
air_5c817ef28f236bdf,9/1/2016,44
air_5c817ef28f236bdf,10/1/2016,25
air_5c817ef28f236bdf,11/1/2016,7
air_5c817ef28f236bdf,12/1/2016,6
air_5c817ef28f236bdf,13/1/2016,1
air_5c817ef28f236bdf,14/1/2016,7
air_5c817ef28f236bdf,15/1/2016,32
air_5c817ef28f236bdf,16/1/2016,49
air_5c817ef28f236bdf,17/1/2016,26
air_5c817ef28f236bdf,18/1/2016,6
air_5c817ef28f236bdf,19/1/2016,12
air_5c817ef28f236bdf,20/1/2016,24
air_5c817ef28f236bdf,21/1/2016,37
air_5c817ef28f236bdf,22/1/2016,47
air_5c817ef28f236bdf,23/1/2016,42
air_5c817ef28f236bdf,24/1/2016,30
air_5c817ef28f236bdf,25/1/2016,7
air_5c817ef28f236bdf,26/1/2016,9
air_5c817ef28f236bdf,27/1/2016,5
air_5c817ef28f236bdf,28/1/2016,16
air_5c817ef28f236bdf,29/1/2016,50
air_5c817ef28f236bdf,30/1/2016,46
air_5c817ef28f236bdf,31/1/2016,50
air_5c817ef28f236bdf,1/2/2016,4
air_5c817ef28f236bdf,2/2/2016,22
air_5c817ef28f236bdf,3/2/2016,16
air_5c817ef28f236bdf,4/2/2016,30
air_5c817ef28f236bdf,5/2/2016,35
air_5c817ef28f236bdf,6/2/2016,64
air_5c817ef28f236bdf,7/2/2016,26
air_5c817ef28f236bdf,8/2/2016,19
air_5c817ef28f236bdf,9/2/2016,28
air_5c817ef28f236bdf,10/2/2016,35
air_5c817ef28f236bdf,11/2/2016,34
air_5c817ef28f236bdf,12/2/2016,23
air_5c817ef28f236bdf,13/2/2016,75
air_5c817ef28f236bdf,14/2/2016,20
air_5c817ef28f236bdf,15/2/2016,21
air_5c817ef28f236bdf,16/2/2016,33
air_5c817ef28f236bdf,17/2/2016,25
air_5c817ef28f236bdf,18/2/2016,22
air_5c817ef28f236bdf,19/2/2016,52
air_5c817ef28f236bdf,20/2/2016,50
air_5c817ef28f236bdf,21/2/2016,21
air_5c817ef28f236bdf,22/2/2016,34
air_5c817ef28f236bdf,23/2/2016,32
air_5c817ef28f236bdf,24/2/2016,13
air_5c817ef28f236bdf,25/2/2016,37
air_5c817ef28f236bdf,26/2/2016,64
air_5c817ef28f236bdf,27/2/2016,84
air_5c817ef28f236bdf,28/2/2016,33
air_5c817ef28f236bdf,29/2/2016,63
air_5c817ef28f236bdf,1/3/2016,7
air_5c817ef28f236bdf,2/3/2016,13
air_5c817ef28f236bdf,3/3/2016,17
air_5c817ef28f236bdf,4/3/2016,36
air_5c817ef28f236bdf,5/3/2016,66
air_5c817ef28f236bdf,6/3/2016,24
air_5c817ef28f236bdf,7/3/2016,18
air_5c817ef28f236bdf,8/3/2016,64
air_5c817ef28f236bdf,9/3/2016,4
air_5c817ef28f236bdf,10/3/2016,16
air_5c817ef28f236bdf,11/3/2016,26
air_5c817ef28f236bdf,12/3/2016,76
air_5c817ef28f236bdf,13/3/2016,32
air_5c817ef28f236bdf,14/3/2016,10
air_5c817ef28f236bdf,15/3/2016,22
air_5c817ef28f236bdf,16/3/2016,16
air_5c817ef28f236bdf,17/3/2016,33
air_5c817ef28f236bdf,18/3/2016,51
air_5c817ef28f236bdf,19/3/2016,73
air_5c817ef28f236bdf,20/3/2016,48
air_5c817ef28f236bdf,21/3/2016,39
air_5c817ef28f236bdf,22/3/2016,22
air_5c817ef28f236bdf,23/3/2016,12
air_5c817ef28f236bdf,24/3/2016,23
air_5c817ef28f236bdf,25/3/2016,41
air_5c817ef28f236bdf,26/3/2016,78
air_5c817ef28f236bdf,27/3/2016,57
air_5c817ef28f236bdf,28/3/2016,34
air_5c817ef28f236bdf,29/3/2016,58
air_5c817ef28f236bdf,30/3/2016,23
air_5c817ef28f236bdf,31/3/2016,14
air_5c817ef28f236bdf,1/4/2016,23
air_5c817ef28f236bdf,2/4/2016,55
air_5c817ef28f236bdf,3/4/2016,31
air_5c817ef28f236bdf,4/4/2016,23
air_5c817ef28f236bdf,5/4/2016,18
air_5c817ef28f236bdf,6/4/2016,2
air_5c817ef28f236bdf,7/4/2016,23
air_5c817ef28f236bdf,8/4/2016,38
air_5c817ef28f236bdf,9/4/2016,64
air_5c817ef28f236bdf,10/4/2016,38
air_5c817ef28f236bdf,11/4/2016,15
air_5c817ef28f236bdf,12/4/2016,30
air_5c817ef28f236bdf,13/4/2016,11
air_5c817ef28f236bdf,14/4/2016,7
air_5c817ef28f236bdf,15/4/2016,33
air_5c817ef28f236bdf,16/4/2016,88
air_5c817ef28f236bdf,17/4/2016,27
air_5c817ef28f236bdf,18/4/2016,14
air_5c817ef28f236bdf,19/4/2016,11
air_5c817ef28f236bdf,20/4/2016,20
air_5c817ef28f236bdf,21/4/2016,35
air_5c817ef28f236bdf,22/4/2016,44
air_5c817ef28f236bdf,23/4/2016,96
air_5c817ef28f236bdf,24/4/2016,19
air_5c817ef28f236bdf,25/4/2016,9
air_5c817ef28f236bdf,26/4/2016,33
air_5c817ef28f236bdf,27/4/2016,16
air_5c817ef28f236bdf,28/4/2016,25
air_5c817ef28f236bdf,29/4/2016,65
air_5c817ef28f236bdf,30/4/2016,33
air_5c817ef28f236bdf,1/5/2016,48
air_5c817ef28f236bdf,2/5/2016,22
air_5c817ef28f236bdf,3/5/2016,39
air_5c817ef28f236bdf,4/5/2016,54
air_5c817ef28f236bdf,5/5/2016,19
air_5c817ef28f236bdf,6/5/2016,37
air_5c817ef28f236bdf,7/5/2016,40
air_5c817ef28f236bdf,8/5/2016,8
air_5c817ef28f236bdf,9/5/2016,12
air_5c817ef28f236bdf,10/5/2016,11
air_5c817ef28f236bdf,11/5/2016,6
air_5c817ef28f236bdf,12/5/2016,6
air_5c817ef28f236bdf,13/5/2016,29
air_5c817ef28f236bdf,14/5/2016,71
air_5c817ef28f236bdf,15/5/2016,30
air_5c817ef28f236bdf,16/5/2016,10
air_5c817ef28f236bdf,17/5/2016,9
air_5c817ef28f236bdf,18/5/2016,44
air_5c817ef28f236bdf,19/5/2016,32
air_5c817ef28f236bdf,20/5/2016,28
air_5c817ef28f236bdf,21/5/2016,55
air_5c817ef28f236bdf,22/5/2016,21
air_5c817ef28f236bdf,23/5/2016,15
air_5c817ef28f236bdf,24/5/2016,18
air_5c817ef28f236bdf,25/5/2016,24
air_5c817ef28f236bdf,26/5/2016,30
air_5c817ef28f236bdf,27/5/2016,23
air_5c817ef28f236bdf,28/5/2016,77
air_5c817ef28f236bdf,29/5/2016,33
air_5c817ef28f236bdf,30/5/2016,29
air_5c817ef28f236bdf,31/5/2016,28
air_5c817ef28f236bdf,1/6/2016,23
air_5c817ef28f236bdf,2/6/2016,10
air_5c817ef28f236bdf,3/6/2016,24
air_5c817ef28f236bdf,4/6/2016,49
air_5c817ef28f236bdf,5/6/2016,41
air_5c817ef28f236bdf,6/6/2016,26
air_5c817ef28f236bdf,7/6/2016,26
air_5c817ef28f236bdf,8/6/2016,38
air_5c817ef28f236bdf,9/6/2016,21
air_5c817ef28f236bdf,10/6/2016,62
air_5c817ef28f236bdf,11/6/2016,61
air_5c817ef28f236bdf,12/6/2016,63
air_5c817ef28f236bdf,13/6/2016,3
air_5c817ef28f236bdf,14/6/2016,41
air_5c817ef28f236bdf,15/6/2016,38
air_5c817ef28f236bdf,16/6/2016,35
air_5c817ef28f236bdf,17/6/2016,38
air_5c817ef28f236bdf,18/6/2016,76
air_5c817ef28f236bdf,19/6/2016,49
air_5c817ef28f236bdf,20/6/2016,35
air_5c817ef28f236bdf,21/6/2016,53
air_5c817ef28f236bdf,22/6/2016,25
air_5c817ef28f236bdf,23/6/2016,44
air_5c817ef28f236bdf,24/6/2016,50
air_5c817ef28f236bdf,25/6/2016,74
air_5c817ef28f236bdf,26/6/2016,88
air_5c817ef28f236bdf,27/6/2016,17
air_5c817ef28f236bdf,28/6/2016,39
air_5c817ef28f236bdf,29/6/2016,30
air_5c817ef28f236bdf,30/6/2016,37
air_5c817ef28f236bdf,1/7/2016,47
air_5c817ef28f236bdf,2/7/2016,62
air_5c817ef28f236bdf,3/7/2016,40
air_5c817ef28f236bdf,4/7/2016,9
air_5c817ef28f236bdf,5/7/2016,37
air_5c817ef28f236bdf,6/7/2016,40
air_5c817ef28f236bdf,7/7/2016,30
air_5c817ef28f236bdf,8/7/2016,55
air_5c817ef28f236bdf,9/7/2016,88
air_5c817ef28f236bdf,10/7/2016,58
air_5c817ef28f236bdf,11/7/2016,43
air_5c817ef28f236bdf,12/7/2016,38
air_5c817ef28f236bdf,13/7/2016,21
air_5c817ef28f236bdf,14/7/2016,39
air_5c817ef28f236bdf,15/7/2016,43
air_5c817ef28f236bdf,16/7/2016,88
air_5c817ef28f236bdf,17/7/2016,66
air_5c817ef28f236bdf,18/7/2016,48
air_5c817ef28f236bdf,19/7/2016,23
air_5c817ef28f236bdf,20/7/2016,30
air_5c817ef28f236bdf,21/7/2016,22
air_5c817ef28f236bdf,22/7/2016,109
air_5c817ef28f236bdf,23/7/2016,50
air_5c817ef28f236bdf,24/7/2016,45
air_5c817ef28f236bdf,25/7/2016,16
air_5c817ef28f236bdf,26/7/2016,26
air_5c817ef28f236bdf,27/7/2016,23
air_5c817ef28f236bdf,28/7/2016,35
air_5c817ef28f236bdf,29/7/2016,38
air_5c817ef28f236bdf,30/7/2016,67
air_5c817ef28f236bdf,31/7/2016,30
air_5c817ef28f236bdf,1/8/2016,18
air_5c817ef28f236bdf,2/8/2016,27
air_5c817ef28f236bdf,3/8/2016,47
air_5c817ef28f236bdf,4/8/2016,26
air_5c817ef28f236bdf,5/8/2016,45
air_5c817ef28f236bdf,6/8/2016,46
air_5c817ef28f236bdf,7/8/2016,33
air_5c817ef28f236bdf,8/8/2016,29
air_5c817ef28f236bdf,9/8/2016,17
air_5c817ef28f236bdf,10/8/2016,52
air_5c817ef28f236bdf,11/8/2016,67
air_5c817ef28f236bdf,12/8/2016,44
air_5c817ef28f236bdf,13/8/2016,44
air_5c817ef28f236bdf,14/8/2016,32
air_5c817ef28f236bdf,15/8/2016,56
air_5c817ef28f236bdf,16/8/2016,22
air_5c817ef28f236bdf,17/8/2016,18
air_5c817ef28f236bdf,18/8/2016,23
air_5c817ef28f236bdf,19/8/2016,48
air_5c817ef28f236bdf,20/8/2016,55
air_5c817ef28f236bdf,21/8/2016,20
air_5c817ef28f236bdf,22/8/2016,25
air_5c817ef28f236bdf,23/8/2016,24
air_5c817ef28f236bdf,24/8/2016,23
air_5c817ef28f236bdf,25/8/2016,28
air_5c817ef28f236bdf,26/8/2016,27
air_5c817ef28f236bdf,27/8/2016,55
air_5c817ef28f236bdf,28/8/2016,54
air_5c817ef28f236bdf,29/8/2016,26
air_5c817ef28f236bdf,30/8/2016,25
air_5c817ef28f236bdf,31/8/2016,41
air_5c817ef28f236bdf,1/9/2016,10
air_5c817ef28f236bdf,2/9/2016,32
air_5c817ef28f236bdf,3/9/2016,89
air_5c817ef28f236bdf,4/9/2016,39
air_5c817ef28f236bdf,5/9/2016,32
air_5c817ef28f236bdf,6/9/2016,22
air_5c817ef28f236bdf,7/9/2016,38
air_5c817ef28f236bdf,8/9/2016,22
air_5c817ef28f236bdf,9/9/2016,39
air_5c817ef28f236bdf,10/9/2016,68
air_5c817ef28f236bdf,11/9/2016,58
air_5c817ef28f236bdf,12/9/2016,16
air_5c817ef28f236bdf,13/9/2016,25
air_5c817ef28f236bdf,14/9/2016,20
air_5c817ef28f236bdf,15/9/2016,26
air_5c817ef28f236bdf,16/9/2016,40
air_5c817ef28f236bdf,17/9/2016,75
air_5c817ef28f236bdf,18/9/2016,64
air_5c817ef28f236bdf,19/9/2016,61
air_5c817ef28f236bdf,20/9/2016,12
air_5c817ef28f236bdf,21/9/2016,40
air_5c817ef28f236bdf,22/9/2016,49
air_5c817ef28f236bdf,23/9/2016,32
air_5c817ef28f236bdf,24/9/2016,67
air_5c817ef28f236bdf,25/9/2016,35
air_5c817ef28f236bdf,26/9/2016,17
air_5c817ef28f236bdf,27/9/2016,31
air_5c817ef28f236bdf,28/9/2016,27
air_5c817ef28f236bdf,29/9/2016,18
air_5c817ef28f236bdf,30/9/2016,30
air_5c817ef28f236bdf,1/10/2016,30
air_5c817ef28f236bdf,2/10/2016,31
air_5c817ef28f236bdf,3/10/2016,30
air_5c817ef28f236bdf,4/10/2016,32
air_5c817ef28f236bdf,5/10/2016,12
air_5c817ef28f236bdf,6/10/2016,8
air_5c817ef28f236bdf,7/10/2016,49
air_5c817ef28f236bdf,8/10/2016,82
air_5c817ef28f236bdf,9/10/2016,69
air_5c817ef28f236bdf,10/10/2016,37
air_5c817ef28f236bdf,11/10/2016,19
air_5c817ef28f236bdf,12/10/2016,9
air_5c817ef28f236bdf,13/10/2016,13
air_5c817ef28f236bdf,14/10/2016,58
air_5c817ef28f236bdf,15/10/2016,66
air_5c817ef28f236bdf,16/10/2016,37
air_5c817ef28f236bdf,17/10/2016,16
air_5c817ef28f236bdf,18/10/2016,32
air_5c817ef28f236bdf,19/10/2016,25
air_5c817ef28f236bdf,20/10/2016,20
air_5c817ef28f236bdf,21/10/2016,40
air_5c817ef28f236bdf,22/10/2016,73
air_5c817ef28f236bdf,23/10/2016,32
air_5c817ef28f236bdf,24/10/2016,40
air_5c817ef28f236bdf,25/10/2016,27
air_5c817ef28f236bdf,26/10/2016,18
air_5c817ef28f236bdf,27/10/2016,33
air_5c817ef28f236bdf,28/10/2016,44
air_5c817ef28f236bdf,29/10/2016,100
air_5c817ef28f236bdf,30/10/2016,59
air_5c817ef28f236bdf,31/10/2016,51
air_5c817ef28f236bdf,1/11/2016,33
air_5c817ef28f236bdf,2/11/2016,41
air_5c817ef28f236bdf,3/11/2016,61
air_5c817ef28f236bdf,4/11/2016,33
air_5c817ef28f236bdf,5/11/2016,66
air_5c817ef28f236bdf,6/11/2016,24
air_5c817ef28f236bdf,7/11/2016,15
air_5c817ef28f236bdf,8/11/2016,28
air_5c817ef28f236bdf,9/11/2016,27
air_5c817ef28f236bdf,10/11/2016,23
air_5c817ef28f236bdf,11/11/2016,38
air_5c817ef28f236bdf,12/11/2016,58
air_5c817ef28f236bdf,13/11/2016,29
air_5c817ef28f236bdf,14/11/2016,19
air_5c817ef28f236bdf,15/11/2016,19
air_5c817ef28f236bdf,16/11/2016,27
air_5c817ef28f236bdf,17/11/2016,35
air_5c817ef28f236bdf,18/11/2016,57
air_5c817ef28f236bdf,19/11/2016,80
air_5c817ef28f236bdf,20/11/2016,32
air_5c817ef28f236bdf,21/11/2016,20
air_5c817ef28f236bdf,22/11/2016,59
air_5c817ef28f236bdf,23/11/2016,63
air_5c817ef28f236bdf,24/11/2016,17
air_5c817ef28f236bdf,25/11/2016,63
air_5c817ef28f236bdf,26/11/2016,69
air_5c817ef28f236bdf,27/11/2016,27
air_5c817ef28f236bdf,28/11/2016,34
air_5c817ef28f236bdf,29/11/2016,32
air_5c817ef28f236bdf,30/11/2016,8
air_5c817ef28f236bdf,1/12/2016,23
air_5c817ef28f236bdf,2/12/2016,34
air_5c817ef28f236bdf,3/12/2016,55
air_5c817ef28f236bdf,4/12/2016,45
air_5c817ef28f236bdf,5/12/2016,25
air_5c817ef28f236bdf,6/12/2016,13
air_5c817ef28f236bdf,7/12/2016,10
air_5c817ef28f236bdf,8/12/2016,33
air_5c817ef28f236bdf,9/12/2016,40
air_5c817ef28f236bdf,10/12/2016,69
air_5c817ef28f236bdf,11/12/2016,53
air_5c817ef28f236bdf,12/12/2016,35
air_5c817ef28f236bdf,13/12/2016,35
air_5c817ef28f236bdf,14/12/2016,23
air_5c817ef28f236bdf,15/12/2016,25
air_5c817ef28f236bdf,16/12/2016,39
air_5c817ef28f236bdf,17/12/2016,86
air_5c817ef28f236bdf,18/12/2016,39
air_5c817ef28f236bdf,19/12/2016,34
air_5c817ef28f236bdf,20/12/2016,11
air_5c817ef28f236bdf,21/12/2016,27
air_5c817ef28f236bdf,22/12/2016,57
air_5c817ef28f236bdf,23/12/2016,75
air_5c817ef28f236bdf,24/12/2016,88
air_5c817ef28f236bdf,25/12/2016,65
air_5c817ef28f236bdf,26/12/2016,37
air_5c817ef28f236bdf,27/12/2016,38
air_5c817ef28f236bdf,28/12/2016,31
air_5c817ef28f236bdf,29/12/2016,78
air_5c817ef28f236bdf,30/12/2016,75
air_5c817ef28f236bdf,31/12/2016,80
air_5c817ef28f236bdf,1/1/2017,52
air_5c817ef28f236bdf,2/1/2017,46
air_5c817ef28f236bdf,3/1/2017,39
air_5c817ef28f236bdf,4/1/2017,23
air_5c817ef28f236bdf,5/1/2017,14
air_5c817ef28f236bdf,6/1/2017,16
air_5c817ef28f236bdf,7/1/2017,85
air_5c817ef28f236bdf,8/1/2017,52
air_5c817ef28f236bdf,9/1/2017,9
air_5c817ef28f236bdf,10/1/2017,12
air_5c817ef28f236bdf,11/1/2017,19
air_5c817ef28f236bdf,12/1/2017,21
air_5c817ef28f236bdf,13/1/2017,30
air_5c817ef28f236bdf,14/1/2017,84
air_5c817ef28f236bdf,15/1/2017,46
air_5c817ef28f236bdf,16/1/2017,8
air_5c817ef28f236bdf,17/1/2017,38
air_5c817ef28f236bdf,18/1/2017,37
air_5c817ef28f236bdf,19/1/2017,23
air_5c817ef28f236bdf,20/1/2017,36
air_5c817ef28f236bdf,21/1/2017,63
air_5c817ef28f236bdf,22/1/2017,38
air_5c817ef28f236bdf,23/1/2017,25
air_5c817ef28f236bdf,24/1/2017,17
air_5c817ef28f236bdf,25/1/2017,35
air_5c817ef28f236bdf,26/1/2017,33
air_5c817ef28f236bdf,27/1/2017,56
air_5c817ef28f236bdf,28/1/2017,78
air_5c817ef28f236bdf,29/1/2017,58
air_5c817ef28f236bdf,30/1/2017,31
air_5c817ef28f236bdf,31/1/2017,28
air_5c817ef28f236bdf,1/2/2017,29
air_5c817ef28f236bdf,2/2/2017,26
air_5c817ef28f236bdf,3/2/2017,46
air_5c817ef28f236bdf,4/2/2017,86
air_5c817ef28f236bdf,5/2/2017,49
air_5c817ef28f236bdf,6/2/2017,22
air_5c817ef28f236bdf,7/2/2017,21
air_5c817ef28f236bdf,8/2/2017,44
air_5c817ef28f236bdf,9/2/2017,41
air_5c817ef28f236bdf,10/2/2017,56
air_5c817ef28f236bdf,11/2/2017,82
air_5c817ef28f236bdf,12/2/2017,54
air_5c817ef28f236bdf,13/2/2017,24
air_5c817ef28f236bdf,14/2/2017,22
air_5c817ef28f236bdf,15/2/2017,31
air_5c817ef28f236bdf,16/2/2017,41
air_5c817ef28f236bdf,17/2/2017,51
air_5c817ef28f236bdf,18/2/2017,103
air_5c817ef28f236bdf,19/2/2017,53
air_5c817ef28f236bdf,20/2/2017,20
air_5c817ef28f236bdf,21/2/2017,43
air_5c817ef28f236bdf,22/2/2017,38
air_5c817ef28f236bdf,23/2/2017,44
air_5c817ef28f236bdf,24/2/2017,55
air_5c817ef28f236bdf,25/2/2017,88
air_5c817ef28f236bdf,26/2/2017,42
air_5c817ef28f236bdf,27/2/2017,33
air_5c817ef28f236bdf,28/2/2017,31
air_5c817ef28f236bdf,1/3/2017,19
air_5c817ef28f236bdf,2/3/2017,40
air_5c817ef28f236bdf,3/3/2017,36
air_5c817ef28f236bdf,4/3/2017,92
air_5c817ef28f236bdf,5/3/2017,46
air_5c817ef28f236bdf,6/3/2017,23
air_5c817ef28f236bdf,7/3/2017,28
air_5c817ef28f236bdf,8/3/2017,27
air_5c817ef28f236bdf,9/3/2017,63
air_5c817ef28f236bdf,10/3/2017,39
air_5c817ef28f236bdf,11/3/2017,128
air_5c817ef28f236bdf,12/3/2017,50
air_5c817ef28f236bdf,13/3/2017,53
air_5c817ef28f236bdf,14/3/2017,21
air_5c817ef28f236bdf,15/3/2017,12
air_5c817ef28f236bdf,16/3/2017,30
air_5c817ef28f236bdf,17/3/2017,54
air_5c817ef28f236bdf,18/3/2017,71
air_5c817ef28f236bdf,19/3/2017,88
air_5c817ef28f236bdf,20/3/2017,35
air_5c817ef28f236bdf,21/3/2017,4
air_5c817ef28f236bdf,22/3/2017,33
air_5c817ef28f236bdf,23/3/2017,29
air_5c817ef28f236bdf,24/3/2017,70
air_5c817ef28f236bdf,25/3/2017,95
air_5c817ef28f236bdf,26/3/2017,33
air_5c817ef28f236bdf,27/3/2017,48
air_5c817ef28f236bdf,28/3/2017,21
air_5c817ef28f236bdf,29/3/2017,39
air_5c817ef28f236bdf,30/3/2017,36
air_5c817ef28f236bdf,31/3/2017,79
air_5c817ef28f236bdf,1/4/2017,67
air_5c817ef28f236bdf,2/4/2017,55
air_5c817ef28f236bdf,3/4/2017,21
air_5c817ef28f236bdf,4/4/2017,45
air_5c817ef28f236bdf,5/4/2017,44
air_5c817ef28f236bdf,6/4/2017,22
air_5c817ef28f236bdf,7/4/2017,56
air_5c817ef28f236bdf,8/4/2017,71
air_5c817ef28f236bdf,9/4/2017,40
air_5c817ef28f236bdf,10/4/2017,26
air_5c817ef28f236bdf,11/4/2017,23
air_5c817ef28f236bdf,12/4/2017,44
air_5c817ef28f236bdf,13/4/2017,19
air_5c817ef28f236bdf,14/4/2017,55
air_5c817ef28f236bdf,15/4/2017,69
air_5c817ef28f236bdf,16/4/2017,60
air_5c817ef28f236bdf,17/4/2017,18
air_5c817ef28f236bdf,18/4/2017,30
air_5c817ef28f236bdf,19/4/2017,20
air_5c817ef28f236bdf,20/4/2017,22
air_5c817ef28f236bdf,21/4/2017,71
air_5c817ef28f236bdf,22/4/2017,97
